filename,predicted_text,predicted_region
test_016.wav,আমি কি ে  ছি।,Rangpur
test_015.wav,আম কি ে  যছি।,Rangpur
test_068.wav,আম কি ে  যছি।,Lakshmipur
test_087.wav,আমি কি আে  যছি।,Dhaka
test_060.wav,আমি কি ে  ছি।,Rangpur
test_088.wav,আমি কি ুে  যছে।,Lakshmipur
test_036.wav,আম কি লে  ছে।,Bogura
test_010.wav,আমি কি ে  যছে।,Pabna
test_040.wav,আমি কি ে  যছে।,Mymensingh
test_017.wav,আমি কি ে  যছে।,Bogura
test_043.wav,আমি কি ে  যছে।,Lakshmipur
test_058.wav,আমি কি ে  ছি।,Chittagong
test_026.wav,আমি কি ে  ছি।,Chittagong
test_073.wav,আমি কি ে  ছি।,Bhola
test_023.wav,আমি কি ে  যছি।,Mymensingh
test_079.wav,আম কি ে  ছি।,Jhenaidah
test_064.wav,আমি কি ে  যছি।,Chittagong
test_041.wav,আম  ে  ছে।,Sylhet
test_047.wav,আমি কি ে  যছে।,Mymensingh
test_039.wav,আমি কি ে  ছি।,Lakshmipur
test_071.wav,আমি কি ে  ছি।,Mymensingh
test_080.wav,আমি কি ে  যছে।,Chittagong
test_033.wav,আমি কি আে  ছে।,Mymensingh
test_020.wav,আম কি ে ছি।,Brahmanbaria
test_052.wav,আমি কি ে  ছি।,Chittagong
test_081.wav,আমি কি আে  ছি।,Jhenaidah
test_042.wav,আমি কি ে  যছে।,Feni
test_061.wav,আমি কি ে  ছি।,Comilla
test_085.wav,আমি কি আে  যছে।,Lakshmipur
test_046.wav,আম কি ে  ছে।,Rangpur
test_050.wav,আম কি ে  যছে।,Jhenaidah
test_044.wav,আমি কি ে  যছে।,Sylhet
test_076.wav,আম কি আে  ছে।,Rangpur
test_008.wav,আম কি ে  ছি।,Feni
test_053.wav,আমি কি লে  ছি।,Rangpur
test_021.wav,আমি কি ে  ছি।,Natore
test_037.wav,আমি কি ে  যছি।,Jessore
test_030.wav,আম কি ে  ছি।,Sylhet
test_056.wav,আম কা ে  ছে।,Jhenaidah
test_057.wav,আমি কি আে  যছে।,Lakshmipur
test_077.wav,আমি কি ে  যছি।,Feni
test_049.wav,আমি কি আে  যছে।,Rangpur
test_065.wav,আম কি ে  ছে।,Dhaka
test_006.wav,ুমি কি েে  যছে।,Lakshmipur
test_013.wav,আমি কি ে  ছি।,Bogura
test_063.wav,আমি কি ে  যছি।,Bhola
test_014.wav,আমি কি ে  ছে।,Rangpur
test_031.wav,আমি কি ে  যছে।,Mymensingh
test_004.wav,আম কি ে  ছি।,Jhenaidah
test_022.wav,আম কি ে  যছি।,Jhenaidah
test_035.wav,আমি কি আে  ছি।,Chittagong
test_002.wav,আমি কি ে  ছি।,Dhaka
test_078.wav,আম কা ে  ছি।,Chittagong
test_038.wav,আম কি লে  ছে।,Natore
test_054.wav,আমি কি ুে  ছে।,Kushtia
test_011.wav,আম কা ে ছি।,Jhenaidah
test_069.wav,আমি কি ে  ছি।,Feni
test_009.wav,আমি কি ে  যছে।,Mymensingh
test_024.wav,আমি কি ে  ছি।,Chittagong
test_007.wav,আম ি লে  ছে।,Jhenaidah
test_074.wav,আমি কি ে  যছে।,Chittagong
test_005.wav,আমি কি ে  ছো।,Mymensingh
test_084.wav,আমি কি আে  যছি।,Lakshmipur
test_086.wav,আমি কি ে  যছে।,Chittagong
test_029.wav,আম কি ে  ছে।,Sylhet
test_032.wav,আমি কি ে  যছে।,Mymensingh
test_055.wav,আমি কি ুে  ছো।,Lakshmipur
test_067.wav,আম কি আে  ছে।,Rangpur
test_025.wav,আমি কি ে  ছি।,Bhola
test_089.wav,আমি কি ে  ছি।,Bogura
test_012.wav,আমি কি আে  ছি।,Pabna
test_018.wav,আম কি আে  ছে।,Lakshmipur
test_045.wav,আম কালে  ছি।,Bogura
test_027.wav,আমি কি আে  ছে।,Kushtia
test_001.wav,আমি কি আে  ছে।,Mymensingh
test_019.wav,আমি কি ে  যছি।,Dhaka
test_034.wav,আমি কি ুে  যছে।,Lakshmipur
test_051.wav,আম কি লে  যছে।,Jhenaidah
test_062.wav,আম কি ে  যছি।,Mymensingh
test_059.wav,আ কি ে  ছে।,Sylhet
test_048.wav,আম কি ে  ছি।,Dhaka
test_083.wav,আমি কি ে  ছে।,Rangpur
test_066.wav,আমি কালে  ছি।,Bogura
test_075.wav,আম কি ে  ছি।,Rangpur
test_003.wav,আম কি ে  ছে।,Jhenaidah
test_070.wav,আমি কি আে  যছি।,Mymensingh
test_072.wav,আমি কি ে  ছি।,Rangpur
test_028.wav,আমি কি আে  ছি।,Barisal
test_082.wav,আমি কি ে  যছি।,Feni
test_122.wav,আমি কি আে  ছি।,Bhola
test_104.wav,আম কালে   ছি।,Pabna
test_192.wav,আমি কি ে  যছি।,Kushtia
test_189.wav,আম কি ে  যছে।,Rangpur
test_092.wav,আমি কি ে  যছি।,Lakshmipur
test_193.wav,আম কি ে  িম কি ে যছে।,Dhaka
test_103.wav,আমকি ে ছে।,Sylhet
test_199.wav,আমি কি ুে  ছে।,Rangpur
test_183.wav,আমি কি ে  ছে।,Pabna
test_130.wav,আমি কি ে  যছে।,Sylhet
test_128.wav,আম কি ে  যছে।,Mymensingh
test_166.wav,আম কি ে  যছি।,Sylhet
test_116.wav,আমি কি ে  ছি।,Dhaka
test_136.wav,আুম কি  যছি।,Sylhet
test_096.wav,আমি কি আে  যছি।,Comilla
test_181.wav,আমি কি ে  ছে।,Mymensingh
test_137.wav,আম কি ে  ছি।,Jhenaidah
test_171.wav,আম কি ে  যছি।,Bhola
test_102.wav,আম কি ে  ছি।,Jhenaidah
test_091.wav,আম কি ে  যছে।,Mymensingh
test_145.wav,আম কি ে  ছি।,Sylhet
test_120.wav,আম কি ে  ছি।,Chittagong
test_149.wav,আমি কি ে  ছি।,Comilla
test_173.wav,আমি কি ে  ছে।,Pabna
test_201.wav,আমি কি আে  ছি।,Barisal
test_097.wav,আম কালে ছো।,Dhaka
test_198.wav,আম কি ে ছি।,Rangpur
test_185.wav,আম কি ে  ছে।,Rangpur
test_142.wav,আম ক ে  ছে।,Sylhet
test_140.wav,আমি কি আে যছি।,Sylhet
test_196.wav,আম কি ে  ছি।,Pabna
test_133.wav,আমি কি ে  ছে।,Natore
test_190.wav,আমি কি আে  ি।,Mymensingh
test_180.wav,আমি কি আে  ছে।,Mymensingh
test_117.wav,আমি কি ে  ছি।,Bhola
test_174.wav,আম কি ে  যছে।,Bhola
test_123.wav,আম কি ে  ছি।,Sylhet
test_169.wav,আম কি ে  ছে।,Bhola
test_188.wav,আম কি ে  যছি।,Sylhet
test_107.wav,আমি কি ে  যছে।,Bhola
test_177.wav,আমি কি আে  যছে।,Feni
test_118.wav,আমি কি ে  যছে।,Mymensingh
test_182.wav,আমি কি আে  ছে।,Chittagong
test_141.wav,আমি কি ে  যছি।,Rangpur
test_163.wav,আম কি ে  ছি।,Rajshahi
test_165.wav,আম কি ে  ছি।,Chittagong
test_126.wav,আম কি ুে  ছি।,Jhenaidah
test_138.wav,আমি কি আে  যছে।,Rangpur
test_187.wav,আম কি ে  ছি।,Mymensingh
test_100.wav,আমি কি ে  ছে।,Jhenaidah
test_147.wav,আম কি ে  ি।,Dhaka
test_105.wav,আমি কি ে  যছে।,Lakshmipur
test_203.wav,আম কি আে  ছো।,Mymensingh
test_108.wav,আমি কি আে  ছে।,Mymensingh
test_115.wav,আমি কি আে  ছে।,Sylhet
test_090.wav,আমি কি ুে  যছি।,Lakshmipur
test_202.wav,আম কি ে  ো।,Pabna
test_191.wav,আমি কি আে  ছে।,Pabna
test_155.wav,আম কি ে  যছি।,Jhenaidah
test_161.wav,আমি কি আে  ছে।,Mymensingh
test_093.wav,আম কি ে  ছি।,Rangpur
test_129.wav,আমি কি ে  ছি।,Bhola
test_111.wav,আম কি ে  ছি।,Pabna
test_119.wav,আমি কি আে  যছে।,Rangpur
test_172.wav,আমি কি আে  ছে।,Sylhet
test_175.wav,আমি কি আে  যছি।,Sylhet
test_113.wav,আমি কি আে  ছে।,Lakshmipur
test_134.wav,আম কা ে  যছে।,Jhenaidah
test_159.wav,আম কি ে  ছি।,Jhenaidah
test_151.wav,আমি কা ে  ছি।,Jhenaidah
test_114.wav,আম কি ে  যছে।,Lakshmipur
test_178.wav,আমি কি ে  ছি।,Mymensingh
test_150.wav,আম কালে  ছি।,Rangpur
test_124.wav,আমি ক লে  ছি।,Natore
test_195.wav,আমি কি ে  ছি।,Chittagong
test_157.wav,আমি কি আে  ছে।,Lakshmipur
test_197.wav,আমি কি আে  ছে।,Barisal
test_170.wav,আমি কি আে  যছি।,Sylhet
test_132.wav,আমি কি ুে  ছে।,Mymensingh
test_143.wav,আম কি আে  যছে।,Chittagong
test_127.wav,আমি কি আে  যছি।,Jhenaidah
test_184.wav,আমি কি আে  ছে।,Mymensingh
test_164.wav,আমি কি ে  ছো।,Pabna
test_156.wav,আমি কি আে  ছে।,Sylhet
test_194.wav,আম কি ে  ছি।,Rangpur
test_109.wav,আমি কি ে  ছো।,Jessore
test_146.wav,আমি কি ে  ছি।,Rangpur
test_112.wav,আম কি লেল যছি।,Rangpur
test_167.wav,আম কা ে  ছি।,Rajshahi
test_110.wav,আমি কি ে  ছে।,Lakshmipur
test_094.wav,আমি কি আে  ছে।,Jhenaidah
test_176.wav,আমি কি ে  ছে।,Natore
test_179.wav,আমি কি ে  যছি।,Jhenaidah
test_168.wav,আমি কি ে  যছি।,Chittagong
test_153.wav,আম কি লে  ।,Brahmanbaria
test_158.wav,আমি কি ে  যছে।,Jhenaidah
test_099.wav,আমি কি ে  ছি।,Rajshahi
test_101.wav,আম কি ে  ছি।,Dhaka
test_135.wav,আমি কি ে  যছি।,Rangpur
test_152.wav,আমি কি েে  ছি।,Natore
test_095.wav,আমি কি ে  ছো।,Jhenaidah
test_125.wav,আমি কি ে  যছি।,Mymensingh
test_154.wav,আমি কি ে  ছি।,Dhaka
test_148.wav,আমি কি ে  ছে।,Kushtia
test_162.wav,আম কি ে ছি।,Kushtia
test_106.wav,আমি কি আে  ছে।,Rajshahi
test_098.wav,আম কি ে  যছে।,Rangpur
test_121.wav,ুম কি  ছে।,Bogura
test_139.wav,আম কি ে  ছি।,Feni
test_186.wav,আম কি ে  ছি।,Bogura
test_131.wav,আমি কি লে  ছে।,Mymensingh
test_160.wav,আমি কি ে  ছি।,Pabna
test_144.wav,আমি কি আে  ছি।,Bhola
test_200.wav,আমি কি আে  যছে।,Feni
test_275.wav,আম কি ে  যছি।,Sylhet
test_233.wav,আম কি ে  যছি।,Chittagong
test_242.wav,আমি কিা ে  ছে।,Rajshahi
test_274.wav,আম কি ে  ছে।,Rangpur
test_293.wav,আমি কি ে  ছি।,Chittagong
test_289.wav,আুে ছি।আম কি আে ি,Sylhet
test_244.wav,আমি কি ে  যছি।,Bogura
test_240.wav,আম কি ে  ছে।,Rajshahi
test_280.wav,আমি কি আে  ছি।,Mymensingh
test_241.wav,আম কি ে  ছি।,Brahmanbaria
test_268.wav,আমি কি ে  ছে।,Bhola
test_319.wav,আমি কি আে  যছে।,Bogura
test_266.wav,আম কি েছি।,Rajshahi
test_224.wav,আমি কি আে  যছি।,Chittagong
test_236.wav,আমি কি ুে  ছে।,Sylhet
test_262.wav,আমি কি আে  ছে।,Lakshmipur
test_218.wav,আম কি ে  ছে।আমি  ে  ছি,Rajshahi
test_315.wav,আমি কি ে  ছ।,Sylhet
test_310.wav,আম কি লে ছি।,Rajshahi
test_281.wav,আমি কি ুে  ছে।,Mymensingh
test_216.wav,আমি কি ে  যছি।,Lakshmipur
test_311.wav,আম কি ে  ছি।,Jessore
test_259.wav,আম কি লে ে  ছি।,Barisal
test_291.wav,আম কি ছি।,Sylhet
test_206.wav,আমি কি আে  যছে।,Bogura
test_223.wav,আমি কি ে  যছি।,Bhola
test_318.wav,আমি কি ে  ছি।,Rajshahi
test_238.wav,আম কি ে  ছি।,Bogura
test_273.wav,আম কি আে  যছে।,Bogura
test_255.wav,আমি কি ে  যছি।,Lakshmipur
test_287.wav,আম কি ে  ছি।,Chittagong
test_285.wav,আমি কি ে  ছে।,Lakshmipur
test_214.wav,আমি কি ে  যছে।,Rajshahi
test_205.wav,আম কি ে  ছি।,Chittagong
test_250.wav,আম কি ে  ছি।,Chittagong
test_245.wav,আম কি ে  যছি।,Brahmanbaria
test_288.wav,আমি কি আে  কছি।,Natore
test_308.wav,আম কা ে  ছি।,Jhenaidah
test_271.wav,আম ক েে ছে।,Jhenaidah
test_302.wav,আম কি ে  ছে।,Jessore
test_243.wav,আমি কি ে  ছে।,Chittagong
test_263.wav,আমি কি ে  ছে।,Rangpur
test_231.wav,আমি কি আে  ছে।,Sylhet
test_272.wav,আম  ে ছে।,Kushtia
test_316.wav,আমি কি আে  যছি।,Natore
test_211.wav,আমি কি আে  ছি।,Natore
test_246.wav,আমি কি আে  ছি।,Jhenaidah
test_320.wav,আম কি ে  ি।,Sylhet
test_230.wav,আম কি আে  ছে।,Pabna
test_258.wav,আম কি লে  ছি।,Natore
test_304.wav,আম কি ে  ছি।,Jhenaidah
test_232.wav,আম কি ে  ছি।,Rajshahi
test_303.wav,আমি কি ে  যছে।,Lakshmipur
test_307.wav,আম কি ে  ছি।,Bogura
test_279.wav,আমি কি ে  ছি।,Brahmanbaria
test_251.wav,আম ক ে  ছে।,Jhenaidah
test_264.wav,আম কি লে  যছি।,Sylhet
test_284.wav,আমি কি ে  যছি।,Rangpur
test_215.wav,আম কি আে  ছি।,Bhola
test_237.wav,আমি কি ে  ছে।,Pabna
test_227.wav,আমি কি ে  ছে।,Lakshmipur
test_290.wav,আমি কি ে   যছি।,Feni
test_213.wav,আমি কি ে  ছে।,Mymensingh
test_283.wav,আমি কি ে  যছে।,Sylhet
test_209.wav,আমি কি লে  ছি।,Jhenaidah
test_312.wav,মআমি কি ে  যছে।,Sylhet
test_253.wav,আমি কা ে  ছি।,Bhola
test_313.wav,আমি কি আে  ছি।,Lakshmipur
test_235.wav,আম কি ে ছে।,Barisal
test_306.wav,আম ক ে  ছি।,Mymensingh
test_276.wav,আমি কি ে  ছি।,Chittagong
test_219.wav,আম কি ে  ছে।,Bhola
test_220.wav,আমি কি লে  যছে।,Bhola
test_229.wav,আমি কি ে  যছে।,Comilla
test_239.wav,আমি কি ে  ছে।,Kushtia
test_269.wav,আমি কি ে  যছে।,Lakshmipur
test_204.wav,আমি কি আে  যছে।,Mymensingh
test_221.wav,আমি কি ে  যছে।,Jhenaidah
test_292.wav,আম ক ছি।,Pabna
test_305.wav,আম কি ে  ছে।,Sylhet
test_277.wav,আমি ক ে  যছো।,Chittagong
test_249.wav,আমি কি ুে  যছে।,Lakshmipur
test_212.wav,আম ক ে ছি।,Jhenaidah
test_261.wav,আমি কি ে  ছে।,Chittagong
test_226.wav,আমি কি ে  যছে।,Lakshmipur
test_234.wav,আমি কি আে  ছে।,Jhenaidah
test_299.wav,আমি কি ে  ছ।,Pabna
test_297.wav,আম কি ে  ছি।,Pabna
test_222.wav,আমি কি আে  যছি।,Lakshmipur
test_270.wav,আমি কি ে  যছে।,Mymensingh
test_298.wav,আমি কি আে  ছে।,Pabna
test_314.wav,আম কি ে   ছি।।,Rangpur
test_300.wav,আমি কি আে  ছে।,Mymensingh
test_207.wav,আম ে  ছি।,Sylhet
test_208.wav,আম কি ে  যছি।,Feni
test_267.wav,আমি কি ে  ছে।,Chittagong
test_217.wav,আমি কি ে  ছি।,Feni
test_225.wav,আমি কি ে  ছি।,Rajshahi
test_248.wav,আম ি  ে ছি।,Jhenaidah
test_301.wav,আমি কি ে  ছে।,Bogura
test_309.wav,আক ে  ে।,Sylhet
test_317.wav,আমি কি ে  ছো।,Chittagong
test_294.wav,আমি কি ে  ছে।,Lakshmipur
test_252.wav,আমি কি আে  ছি।,Mymensingh
test_260.wav,আম কি লে  ছো।,Rangpur
test_254.wav,আমি কি ে  যছে।,Lakshmipur
test_256.wav,আমি কি ে  যছে।,Comilla
test_282.wav,আম কি ে  ছি।,Chittagong
test_286.wav,আমি কি আে  ছে।,Lakshmipur
test_228.wav,আমি কি আে  ছে।,Lakshmipur
test_295.wav,আম কি লে  ছি।,Kushtia
test_257.wav,আমি কি আে  ছে।,Mymensingh
test_247.wav,আমি কি ে  যছে।,Mymensingh
test_296.wav,আমি কি আে  যছে।,Mymensingh
test_278.wav,আমি কি ে  যছে।,Bhola
test_210.wav,আমি কি লে  ছে।,Lakshmipur
test_265.wav,আমি কি লে  ছি।,Rangpur
test_387.wav,আমি কি ে  যছি।,Chittagong
test_383.wav,আমি কি ুে  ছে।,Bhola
test_333.wav,আম কি ে  যছে।,Feni
test_404.wav,আ কি ে  ছে।,Sylhet
test_411.wav,আম কি ে  ছিে।,Sylhet
test_374.wav,আম কি ে  ছি।,Sylhet
test_394.wav,আমি কি ে  ছে।,Mymensingh
test_340.wav,আম ক লে  যছি।,Rangpur
test_342.wav,আমি কি ুে  যছে।,Sylhet
test_321.wav,আমি কি ে  যছি।,Mymensingh
test_367.wav,আম কি ে ছে।,Pabna
test_332.wav,আম কি ে  যছি।,Jhenaidah
test_381.wav,আম কি ে  যছে।,Mymensingh
test_357.wav,আম কি ে  ছে।,Sylhet
test_351.wav,আম কি ে  ছিে।,Jhenaidah
test_399.wav,আমি কি ে  যছে।,Chittagong
test_350.wav,আমি কি ে  ছে।,Pabna
test_344.wav,আম কি ে  ছি।,Jhenaidah
test_364.wav,আমি কি ে  যছে।,Chittagong
test_410.wav,আম ে ছি।,Chittagong
test_368.wav,আমি কি ে  যছে।,Lakshmipur
test_377.wav,আমি কা ে  ছে।,Bhola
test_406.wav,আম ছি।,Sylhet
test_355.wav,আমি কি ে  যছে।,Sylhet
test_341.wav,আমি কি ে  ো।,Jhenaidah
test_413.wav,আম কি ে  ছে।,Sylhet
test_358.wav,ুম কে ছে।,Dhaka
test_396.wav,আমি কি ে  ছি।,Jessore
test_386.wav,আম কি ে  যছে।,Pabna
test_363.wav,আমি কি আে  ছে।,Rangpur
test_382.wav,আমি কি ে  যছে।,Brahmanbaria
test_338.wav,আম কি ে ছে।,Jhenaidah
test_336.wav,আমি কি ে  ছি।,Dhaka
test_361.wav,আম কি  যছি।,Jhenaidah
test_385.wav,আমি কি ে  যছে।,Lakshmipur
test_395.wav,আমি কি আে  যছে।,Feni
test_352.wav,আম কি েে ছে।,Jhenaidah
test_370.wav,আমি কি আে  যছে।,Lakshmipur
test_379.wav,আমি কি ে  যছি।,Mymensingh
test_401.wav,আম কি ে  যছি।,Chittagong
test_343.wav,আম কে ছি।,Bogura
test_331.wav,আম কি ে  ছি।,Rangpur
test_337.wav,আম কি লে  ছি।,Pabna
test_347.wav,আমি কি আে  যছে।,Lakshmipur
test_327.wav,আম কি ে  ছি।,Sylhet
test_349.wav,আমি কি ে  ছি।,Sylhet
test_398.wav,আমি কি ে  ছি।,Bhola
test_366.wav,আম কি ে  ছি।,Jhenaidah
test_348.wav,আমি কি ে  ছে।,Bhola
test_390.wav,আম কা ে ছি।,Rangpur
test_402.wav,আম কিলে  ছে।,Sylhet
test_339.wav,আমি কি আে  যছি।,Rajshahi
test_373.wav,আমি কি আে  যছি।,Rangpur
test_322.wav,আম কি ে  ছে।,Pabna
test_325.wav,আম কি লে  ছে।,Rajshahi
test_353.wav,আমি কি ে  যছে।,Brahmanbaria
test_359.wav,আম কি ে  ছি।,Chittagong
test_405.wav,আম কালে  ছি।,Sylhet
test_335.wav,আম কি আে  ছি।,Bogura
test_329.wav,আম কি লে   যছি।,Sylhet
test_346.wav,আমি কি ে  যছি।,Natore
test_371.wav,আম কি ে  ছি।,Sylhet
test_323.wav,আম কা ে  ছি।,Rajshahi
test_362.wav,আম কি আে  ছে।,Sylhet
test_378.wav,আমি কি ে  যছে।,Pabna
test_369.wav,আম কি লে  ছে।,Mymensingh
test_328.wav,আমি কি লে  ছো।,Rangpur
test_392.wav,ুম কি ে  ছি।,Sylhet
test_403.wav,আম কি ে ছি।,Sylhet
test_400.wav,আমি কি ে  ছি।,Rangpur
test_391.wav,আমি কি আে  ছে।,Sylhet
test_397.wav,আম কি ে  ছি।,Sylhet
test_354.wav,আমি কি ে  যছি।,Jhenaidah
test_393.wav,আমি কি ে  যছে।,Chittagong
test_360.wav,আম কি ে  ছি।,Sylhet
test_326.wav,আমি কি ে  ছে।,Lakshmipur
test_409.wav,আম কি  যছি।,Chittagong
test_408.wav,আম কি ে  যছি।,Chittagong
test_330.wav,আমি কি ে  ছে।,Sylhet
test_375.wav,আমি কি ে  ছে।,Dhaka
test_376.wav,আমি কা ে  ছি।,Dhaka
test_365.wav,আম কি েে  ছি।,Barisal
test_389.wav,আম কি ে  ছি।,Sylhet
test_356.wav,আমি কি ে  যছে।,Sylhet
test_412.wav,আম কি ে  যছি।,Chittagong
test_345.wav,আম কি ে  ছি।,Chittagong
test_372.wav,আমি কা ে  ছি।,Rangpur
test_407.wav,আম কিলে  ছি।,Sylhet
test_388.wav,আম কি আে  যছে।,Natore
test_384.wav,আমি কি ুে  ছে।,Bhola
test_380.wav,আমি কি আে  ছে।,Mymensingh
test_334.wav,আমি কি ে  ছে।,Bhola
test_324.wav,আমি কি আে  ছে।,Chittagong
test_436.wav,আম কি ে  ছো।,Sylhet
test_421.wav,আম ক ে  যছি।,Chittagong
test_417.wav,আম কিলে ছে।,Sylhet
test_432.wav,আম কিে ছিো।,Sylhet
test_438.wav,আমি কি ে  ছো।,Sylhet
test_418.wav,আম কি ে  ছি।,Sylhet
test_443.wav,আমি কি আে  ছে।,Pabna
test_450.wav,আমি কি ে  ছি।,Sylhet
test_449.wav,আম কি ে ছে।,Sylhet
test_419.wav,আম কি আে  ছি।,Chittagong
test_440.wav,আম কা ে  ছো।,Sylhet
test_414.wav,আম ক লে  যছি।,Sylhet
test_448.wav,আম কালে  ছি।,Sylhet
test_444.wav,আম কি লে  ছি।,Sylhet
test_431.wav,আম কি লে  যছে।,Sylhet
test_426.wav,আমি কি ে  ছে।,Sylhet
test_430.wav,আম কি লে  ছি।,Sylhet
test_429.wav,আম কি ে  ছে।,Sylhet
test_415.wav,আমি কি ে  ছে।,Sylhet
test_439.wav,আম কি ে  ছো।,Sylhet
test_437.wav,আম কি ে  ছি।ি ে,Sylhet
test_423.wav,আম কা ে  যছি।,Chittagong
test_428.wav,আমি কা ে  ছি।,Sylhet
test_433.wav,আম কা ে  ছো।,Sylhet
test_420.wav,আমি কি ে  যছে।,Sylhet
test_441.wav,আম কা ে  ছি।,Sylhet
test_424.wav,আম কি ে  ছি।,Sylhet
test_446.wav,আম কি আে  ছে।,Pabna
test_416.wav,আম কা ে  যছি।,Chittagong
test_435.wav,আম কি ে  ছো।,Sylhet
test_434.wav,আমি কি ে  ছো।,Sylhet
test_422.wav,আম কি ে  যি।,Sylhet
test_445.wav,আমি কি আে  ছো।,Chittagong
test_447.wav,আম কি ে  যছি।,Sylhet
test_442.wav,আম কি ে  ছো।,Dhaka
test_425.wav,আম কালে   ি।,Chittagong
test_427.wav,আম কি ে  ছি।,Sylhet
